address_id,delivery_address1,delivery_address2,delivery_city,delivery_zipcode,delivery_state
1,833 Briar Crest Court,,Knoxville,37918,Tennessee
2,17680 Susan Junction,,Philadelphia,19134,Pennsylvania
3,92160 Weeping Birch Road,,Chicago,60610,Illinois
4,3168 Clemons Road,,Round Rock,78664,Texas
5,03250 Miller Park,,Phoenix,85023,Arizona
6,87050 Valley Edge Plaza,,New York City,10011,New York
7,9338 Rutledge Drive,,Skokie,60076,Illinois
8,73530 Brickson Park Lane,,Greensboro,27405,North Carolina
9,68 Welch Avenue,,Mentor,44060,Ohio
10,73941 Arizona Plaza,,Chicago,60653,Illinois
11,415 Swallow Place,Apt 964,El Paso,79907,Texas
12,4 Kingsford Court,,Louisville,80027,Colorado
13,0946 Pleasure Center,,Tucson,85705,Arizona
14,176 Evergreen Junction,,Mesa,85204,Arizona
15,5 Morning Circle,Room 1885,Cranston,2920,Rhode Island
16,1837 Dexter Junction,,Chicago,60653,Illinois
17,7809 Goodland Crossing,PO Box 48071,Troy,45373,Ohio
18,909 Moulton Drive,Apt 897,Lancaster,43130,Ohio
19,1 Anhalt Circle,,Los Angeles,90036,California
20,663 Miller Circle,Suite 96,Dallas,75220,Texas
21,73880 Vahlen Circle,,Chicago,60653,Illinois
22,5415 Spohn Junction,,Philadelphia,19143,Pennsylvania
23,6241 Artisan Center,Apt 424,Mansfield,76063,Texas
24,4458 Twin Pines Crossing,PO Box 93258,Houston,77095,Texas
25,3 Armistice Road,,Houston,77036,Texas
26,18725 Victoria Crossing,,Wheeling,26003,West Virginia
27,5 Schurz Circle,,San Antonio,78207,Texas
28,99062 Oak Place,,Dublin,43017,Ohio
29,59 Stoughton Plaza,,Dallas,75217,Texas
30,79992 Bultman Pass,,New York City,10024,New York
31,4 Stang Pass,,Aurora,60505,Illinois
32,687 Burrows Way,,Philadelphia,19140,Pennsylvania
33,77 Muir Junction,,Houston,77095,Texas
34,6 Arkansas Park,7th Floor,Philadelphia,19120,Pennsylvania
35,01 Everett Park,PO Box 75095,Newark,43055,Ohio
36,2089 Cascade Way,,Arlington,76017,Texas
37,66 1st Point,17th Floor,Dallas,75220,Texas
38,1 Pierstorff Street,Apt 437,Chicago,60623,Illinois
39,64 Fieldstone Way,,Springfield,45503,Ohio
40,038 Loftsgordon Way,,Knoxville,37918,Tennessee
41,89058 Cambridge Court,,Philadelphia,19143,Pennsylvania
42,1668 Emmet Park,,Long Beach,90805,California
43,10382 Pankratz Way,16th Floor,League City,77573,Texas
44,683 Macpherson Road,,Dallas,75220,Texas
45,02148 Lakeland Parkway,,Los Angeles,90045,California
46,78 Amoth Circle,,New York City,10011,New York
47,3951 Hintze Point,,Philadelphia,19140,Pennsylvania
48,226 Cardinal Lane,,Chicago,60653,Illinois
49,70504 Cody Drive,,New York City,10009,New York
50,5170 Armistice Hill,Room 589,Fort Collins,80525,Colorado
51,819 Hovde Lane,,Skokie,60076,Illinois
52,847 Blackbird Road,,Chicago,60610,Illinois
53,226 Scott Center,,New York City,10035,New York
54,26555 Eastlawn Pass,,Seattle,98115,Washington
55,258 Redwing Road,,Dallas,75217,Texas
56,31 Buhler Pass,,Jacksonville,32216,Florida
57,83 Sheridan Alley,,Frisco,75034,Texas
58,87526 3rd Place,,Houston,77041,Texas
59,98148 Brown Pass,,Coral Springs,33065,Florida
60,410 Del Sol Trail,PO Box 1985,Mentor,44060,Ohio
61,7530 Elka Place,,Philadelphia,19134,Pennsylvania
62,589 Northfield Junction,Apt 1439,Los Angeles,90004,California
63,30657 High Crossing Park,,Los Angeles,90008,California
64,3 Tennyson Alley,,Aurora,60505,Illinois
65,73 Longview Point,,Chicago,60623,Illinois
66,392 Sherman Place,,Carrollton,75007,Texas
67,96822 Westerfield Junction,Apt 1302,Cranston,2920,Rhode Island
68,4225 Ruskin Circle,5th Floor,Houston,77041,Texas
69,147 Arizona Plaza,,Troy,45373,Ohio
70,62015 Claremont Pass,Room 818,Encinitas,92024,California
71,1 Schurz Place,,Arlington,76017,Texas
72,172 Sheridan Place,,Chicago,60653,Illinois
73,70644 Cardinal Crossing,,Dallas,75217,Texas
74,21 3rd Crossing,Suite 31,New York City,10035,New York
75,2368 Menomonie Point,Room 910,Chicago,60610,Illinois
76,949 Reinke Crossing,,Freeport,61032,Illinois
77,178 Morning Place,Apt 1530,New York City,10035,New York
78,52445 Grover Parkway,PO Box 76308,Seattle,98115,Washington
79,1812 Lakeland Avenue,,Dallas,75217,Texas
80,730 Mallard Point,,Houston,77041,Texas
81,7110 Sycamore Center,,Glendale,85301,Arizona
82,8 Leroy Court,,New York City,10024,New York
83,13654 Sutherland Plaza,Suite 38,Dallas,75217,Texas
84,2441 Heath Avenue,,Houston,77036,Texas
85,28039 Sloan Drive,,Columbus,43229,Ohio
86,6 Bluejay Crossing,,San Francisco,94110,California
87,729 Hagan Trail,20th Floor,Sunnyvale,94086,California
88,75909 Lien Circle,,Seattle,98103,Washington
89,9638 Buell Court,Room 1764,Philadelphia,19143,Pennsylvania
90,4982 7th Hill,Suite 70,Chicago,60610,Illinois
91,56 Anhalt Parkway,,Jacksonville,32216,Florida
92,363 Valley Edge Trail,PO Box 42003,Los Angeles,90008,California
93,44372 Redwing Avenue,,Fort Worth,76106,Texas
94,1672 South Center,,Philadelphia,19140,Pennsylvania
95,1771 Duke Parkway,Suite 30,Bakersfield,93309,California
96,59651 Hovde Court,,Tallahassee,32303,Florida
97,9110 Golden Leaf Alley,,Murfreesboro,37130,Tennessee
98,847 Kenwood Parkway,,Knoxville,37918,Tennessee
99,8299 Buena Vista Court,,Columbus,47201,Indiana
100,599 Melrose Lane,,Philadelphia,19120,Pennsylvania
101,0 Roxbury Junction,,Knoxville,37918,Tennessee
102,1 Lakeland Pass,,Marion,43302,Ohio
103,7848 Arrowood Place,,Jacksonville,32216,Florida
104,0 Dayton Circle,,Philadelphia,19143,Pennsylvania
105,969 Almo Park,,New York City,10024,New York
106,12 Straubel Street,,New York City,10035,New York
107,5977 Chive Parkway,,Cleveland,44105,Ohio
108,32738 Duke Avenue,,San Francisco,94110,California
109,896 Duke Junction,8th Floor,Philadelphia,19134,Pennsylvania
110,982 Maryland Circle,PO Box 2873,Milwaukee,53209,Wisconsin
111,307 Union Street,,San Francisco,94109,California
112,9 Elmside Center,,Los Angeles,90036,California
113,07263 Novick Alley,,Philadelphia,19143,Pennsylvania
114,13 Fulton Avenue,Room 1496,Lafayette,70506,Louisiana
115,35211 Bultman Hill,Room 1605,New York City,10011,New York
116,99 Continental Pass,,Aurora,80013,Colorado
117,6413 Autumn Leaf Park,PO Box 63036,Thornton,80229,Colorado
118,084 Rusk Center,,Greeley,80634,Colorado
119,43 Larry Hill,,Montgomery,36116,Alabama
120,013 Steensland Crossing,,Oakland,94601,California
121,71961 Mendota Alley,,New York City,10035,New York
122,6283 Thierer Drive,Suite 64,Marion,52302,Iowa
123,1 Almo Road,,Thornton,80229,Colorado
124,36 Shasta Center,,Philadelphia,19140,Pennsylvania
125,02029 Johnson Trail,,Los Angeles,90032,California
126,07759 Cambridge Plaza,Room 1499,Philadelphia,19120,Pennsylvania
127,88 Hanover Drive,,Fort Lauderdale,33311,Florida
128,1 Lighthouse Bay Plaza,,Hialeah,33012,Florida
129,95505 Oakridge Alley,,Knoxville,37918,Tennessee
130,130 Dorton Plaza,,New York City,10009,New York
131,05182 Wayridge Place,,Jacksonville,32216,Florida
132,2729 Fairview Crossing,PO Box 92087,Jacksonville,32216,Florida
133,92953 Elka Way,,Oceanside,92054,California
134,4912 Vera Lane,,San Francisco,94122,California
135,093 Fordem Plaza,,Santa Ana,92704,California
136,23 Monica Hill,,Fayetteville,28314,North Carolina
137,8644 Roxbury Lane,Apt 470,Los Angeles,90045,California
138,95971 Hayes Hill,,Philadelphia,19140,Pennsylvania
139,6 Hollow Ridge Junction,,Los Angeles,90045,California
140,172 Acker Park,Suite 59,San Francisco,94110,California
141,3313 Monument Point,,Fairfield,94533,California
142,9 Lunder Place,,Fremont,68025,Nebraska
143,501 Lawn Place,,Thornton,80229,Colorado
144,6014 Petterle Center,,Spokane,99207,Washington
145,08 Kedzie Lane,,Philadelphia,19120,Pennsylvania
146,43 Red Cloud Crossing,,Newark,43055,Ohio
147,86 Jay Alley,,San Diego,92105,California
148,5093 Westridge Way,,Lafayette,70506,Louisiana
149,7 Gale Pass,,Mentor,44060,Ohio
150,26 Daystar Avenue,,Oceanside,92054,California
151,67019 Mendota Crossing,,Columbus,43229,Ohio
152,35 Banding Park,Suite 20,Columbus,31907,Georgia
153,88603 Katie Park,,Pasadena,91104,California
154,14213 Luster Hill,,New York City,10011,New York
155,50 Barnett Hill,6th Floor,Los Angeles,90008,California
156,97 Lerdahl Place,,Troy,45373,Ohio
157,34 Sunbrook Pass,,Milford,6460,Connecticut
158,6 Summerview Center,,Fresno,93727,California
159,3243 Tomscot Pass,,Seattle,98105,Washington
160,0 Upham Point,,Los Angeles,90008,California
161,58 Washington Pass,,Richmond,40475,Kentucky
162,3 Erie Way,,New York City,10035,New York
163,717 Rigney Road,,Oceanside,92054,California
164,64950 Tennyson Pass,,Lakewood,44107,Ohio
165,8 Kropf Crossing,,Los Angeles,90032,California
166,98931 Glacier Hill Place,,San Jose,95123,California
167,819 Schurz Center,,Philadelphia,19120,Pennsylvania
168,7287 Fuller Place,,San Francisco,94109,California
169,2 Washington Avenue,,Glendale,85301,Arizona
170,57210 Northfield Court,,Fairfield,94533,California
171,85 Huxley Crossing,,San Francisco,94110,California
172,76667 Lunder Trail,,Oakland,94601,California
173,3 Bay Junction,Suite 42,Philadelphia,19120,Pennsylvania
174,0 Grayhawk Hill,,Seattle,98115,Washington
175,97 Hermina Point,,Danville,94526,California
176,67575 Reindahl Crossing,,Draper,84020,Utah
177,8163 Hoard Terrace,,New York City,10024,New York
178,9 Maple Wood Crossing,,Canton,48187,Michigan
179,81360 Northwestern Circle,,San Francisco,94122,California
180,980 Wayridge Way,,San Francisco,94109,California
181,9 Badeau Park,Room 1601,San Francisco,94110,California
182,91 Bowman Plaza,,San Francisco,94110,California
183,8345 Portage Street,,Los Angeles,90045,California
184,92 Washington Lane,,Los Angeles,90045,California
185,066 Ronald Regan Trail,2nd Floor,Raleigh,27604,North Carolina
186,7 Del Mar Parkway,,Fresno,93727,California
187,83 Oriole Road,Room 1567,Costa Mesa,92627,California
188,3869 Sutherland Way,Suite 16,Philadelphia,19120,Pennsylvania
189,737 5th Drive,,Concord,94521,California
190,8 Dahle Hill,,New York City,10035,New York
191,28172 Graedel Drive,,Knoxville,37918,Tennessee
192,28 Sage Drive,,Pocatello,83201,Idaho
193,13378 Hoepker Point,,Cranston,2920,Rhode Island
194,2144 Lyons Lane,Room 165,Philadelphia,19143,Pennsylvania
195,597 Straubel Plaza,,Vineland,8360,New Jersey
196,3866 Green Court,,Inglewood,90301,California
197,1 Kipling Crossing,,Bakersfield,93309,California
198,31934 Ilene Road,,Fayetteville,28314,North Carolina
199,96245 7th Parkway,,Salinas,93905,California
200,477 Lakeland Circle,,New York City,10011,New York
201,71388 Ridgeview Point,,Washington,20016,District of Columbia
202,473 Colorado Junction,,New York City,10011,New York
203,08899 Crowley Way,,San Francisco,94110,California
204,7407 Service Court,,Milwaukee,53209,Wisconsin
205,33 Boyd Drive,,Philadelphia,19140,Pennsylvania
206,08 Mifflin Road,,Lake Forest,92630,California
207,5 Green Trail,,San Diego,92037,California
208,689 School Avenue,,Detroit,48234,Michigan
209,786 Haas Plaza,,Florence,29501,South Carolina
210,7 Prairieview Alley,,New York City,10009,New York
211,752 Towne Alley,,Los Angeles,90004,California
212,1901 Cardinal Court,,Inglewood,90301,California
213,80102 Express Center,PO Box 14540,Philadelphia,19140,Pennsylvania
214,67 West Way,,Lafayette,70506,Louisiana
215,3980 Carberry Hill,,Baltimore,21215,Maryland
216,16884 Corry Hill,,Seattle,98103,Washington
217,0579 Pepper Wood Avenue,,Miami,33142,Florida
218,1 Main Avenue,,New York City,10024,New York
219,99 Dayton Place,,Henderson,42420,Kentucky
220,35722 Russell Street,,Jacksonville,28540,North Carolina
221,0970 Valley Edge Circle,17th Floor,Pasadena,91104,California
222,6633 Miller Street,Suite 7,Concord,3301,New Hampshire
223,259 Arrowood Avenue,,Los Angeles,90004,California
224,807 Fulton Hill,,New York City,10011,New York
225,2018 Holmberg Point,,Los Angeles,90008,California
226,0 Arapahoe Pass,,Oakland,94601,California
227,21 Darwin Court,Room 1351,Buffalo,14215,New York
228,1137 Ridge Oak Crossing,,New York City,10011,New York
229,75539 Old Shore Center,,Columbia,29203,South Carolina
230,406 Kropf Circle,,Lafayette,70506,Louisiana
231,973 Anthes Point,,New York City,10035,New York
232,9 Park Meadow Pass,Suite 8,Seattle,98103,Washington
233,76 Killdeer Point,,Edmonds,98026,Washington
234,45696 Pearson Road,,Peoria,85345,Arizona
235,4 New Castle Hill,,Saint Charles,63301,Missouri
236,3676 Southridge Avenue,,New York City,10009,New York
237,4 Maple Wood Street,,Seattle,98115,Washington
238,431 Norway Maple Pass,,New York City,10024,New York
239,500 Bayside Alley,Suite 11,Seattle,98115,Washington
240,7 Forest Run Way,,New York City,10009,New York
241,695 Sunbrook Avenue,,Lakewood,90712,California
242,2852 Brentwood Parkway,,Seattle,98115,Washington
243,69 Glendale Drive,,Gladstone,64118,Missouri
244,4 Kropf Trail,9th Floor,Seattle,98105,Washington
245,8394 Dakota Crossing,,New York City,10009,New York
246,04149 Hazelcrest Parkway,Room 981,Lansing,48911,Michigan
247,2 Northport Road,15th Floor,Seattle,98103,Washington
248,0566 Bashford Street,Apt 1112,San Francisco,94109,California
249,693 Bellgrove Crossing,,Clinton,20735,Maryland
250,120 Knutson Way,11th Floor,Seattle,98103,Washington
251,9 Utah Court,Apt 238,Olympia,98502,Washington
252,73 Glacier Hill Park,,Springfield,97477,Oregon
253,863 Tennyson Parkway,,New York City,10011,New York
254,122 Forest Run Alley,,Cranston,2920,Rhode Island
255,3 Grasskamp Terrace,,Providence,2908,Rhode Island
256,1467 Kedzie Trail,,Springfield,65807,Missouri
257,9270 Sunnyside Crossing,,Lawton,73505,Oklahoma
258,72779 Sloan Way,Apt 466,Richmond,23223,Virginia
259,30 Fremont Pass,,Pico Rivera,90660,California
260,71928 Bay Junction,,Muskogee,74403,Oklahoma
261,42398 La Follette Point,,Seattle,98105,Washington
262,6 Cambridge Parkway,,Detroit,48227,Michigan
263,989 Onsgard Hill,Apt 485,Columbus,31907,Georgia
264,513 Tennessee Circle,,Henderson,89015,Nevada
265,9 Duke Way,,Seattle,98115,Washington
266,29479 Prentice Point,,Jackson,49201,Michigan
267,261 Norway Maple Drive,Suite 7,Sandy Springs,30328,Georgia
268,83644 Old Gate Hill,,Louisville,40214,Kentucky
269,61054 Monument Crossing,,San Francisco,94122,California
270,9097 Memorial Avenue,Apt 779,Provo,84604,Utah
271,77 Michigan Parkway,,Louisville,40214,Kentucky
272,774 Hagan Drive,,Arlington,22204,Virginia
273,93 Sugar Terrace,Suite 2,Seattle,98115,Washington
274,8 2nd Center,PO Box 1128,San Francisco,94110,California
275,3480 Anthes Pass,,Louisville,40214,Kentucky
276,8085 Ridgeway Trail,,New York City,10024,New York
277,87791 Eagle Crest Terrace,,Seattle,98115,Washington
278,25 Saint Paul Hill,,Los Angeles,90036,California
279,00 La Follette Place,,Florence,41042,Kentucky
280,91858 Killdeer Court,PO Box 72892,San Francisco,94122,California
281,5 Victoria Drive,,San Francisco,94122,California
282,95591 Rusk Circle,,Watertown,13601,New York
283,893 Dryden Circle,,Inglewood,90301,California
284,83325 Eagan Place,,Concord,3301,New Hampshire
285,15141 Mitchell Avenue,,Seattle,98105,Washington
286,14 Esch Plaza,,North Las Vegas,89031,Nevada
287,03 Northview Court,9th Floor,Los Angeles,90008,California
288,387 Sage Avenue,,Detroit,48205,Michigan
289,708 Marcy Point,Room 1054,Los Angeles,90049,California
290,0844 Fieldstone Point,Apt 86,Seattle,98115,Washington
291,31 Ridge Oak Hill,PO Box 65176,Suffolk,23434,Virginia
292,30096 School Center,,Salem,24153,Virginia
293,44 Bonner Park,,Louisville,40214,Kentucky
294,1496 Boyd Road,,New York City,10011,New York
295,5267 Melvin Pass,,Milford,6460,Connecticut
296,1 Commercial Terrace,Apt 208,Roswell,30076,Georgia
297,42 7th Parkway,,Everett,2149,Massachusetts
298,33564 Algoma Way,18th Floor,Apple Valley,92307,California
299,4232 Summerview Avenue,,Jackson,39212,Mississippi
300,86 Sunbrook Park,,Baltimore,21215,Maryland